{"cameraMode":{"drawMode":0,"name":"Shaded","section":"Shading Mode"},"sceneLighting":true,"audioPlay":false,"sceneViewState":{"showFog":true,"showMaterialUpdate":false,"showSkybox":true,"showFlares":true,"showImageEffects":true,"showParticleSystems":true},"in2DMode":false,"pivot":{"x":-1.6399993896484376,"y":-2.979999542236328,"z":10.0},"rotation":{"x":0.02079378068447113,"y":-0.03877553343772888,"z":0.000792968028690666,"w":0.9990313053131104},"size":1573.3731689453125,"orthographic":false}