{"cameraMode":{"drawMode":0,"name":"Shaded","section":"Shading Mode"},"sceneLighting":true,"audioPlay":false,"sceneViewState":{"showFog":true,"showMaterialUpdate":false,"showSkybox":true,"showFlares":true,"showImageEffects":true,"showParticleSystems":true},"in2DMode":false,"pivot":{"x":442.8154602050781,"y":28.564146041870118,"z":-65.1686019897461},"rotation":{"x":0.07382123172283173,"y":-0.7142583131790161,"z":0.07621939480304718,"w":0.6917919516563416},"size":28.554933547973634,"orthographic":false}